platform,difference,name
CE01ISSM,0.0191,diff_km_D2_to_D1
CE01ISSM,0.0268,diff_km_D3_to_D1
CE01ISSM,0.1693,diff_km_D6_to_D1
CE01ISSM,0.1698,diff_km_D6_to_D2
CE01ISSM,0.1588,diff_km_D6_to_D3
CE01ISSM,0.0731,diff_km_D6_to_D4
CE01ISSM,0.1642,diff_km_D6_to_D5
CE01ISSM,0.2243,diff_km_D7_to_D1
CE01ISSM,0.2329,diff_km_D7_to_D2
CE01ISSM,0.2278,diff_km_D7_to_D3
CE01ISSM,0.4272,diff_km_D7_to_D4
CE01ISSM,0.2223,diff_km_D7_to_D5
CE01ISSM,0.0444,diff_km_D3_to_D2
CE01ISSM,0.3859,diff_km_D7_to_D6
CE01ISSM,0.1684,diff_km_D8_to_D1
CE01ISSM,0.1706,diff_km_D8_to_D2
CE01ISSM,0.1557,diff_km_D8_to_D3
CE01ISSM,0.0882,diff_km_D8_to_D4
CE01ISSM,0.1608,diff_km_D8_to_D5
CE01ISSM,0.0153,diff_km_D8_to_D6
CE01ISSM,0.3811,diff_km_D8_to_D7
CE01ISSM,0.159,diff_km_D9_to_D1
CE01ISSM,0.1662,diff_km_D9_to_D2
CE01ISSM,0.203,diff_km_D4_to_D1
CE01ISSM,0.1658,diff_km_D9_to_D3
CE01ISSM,0.3619,diff_km_D9_to_D4
CE01ISSM,0.1605,diff_km_D9_to_D5
CE01ISSM,0.3246,diff_km_D9_to_D6
CE01ISSM,0.0679,diff_km_D9_to_D7
CE01ISSM,0.3211,diff_km_D9_to_D8
CE01ISSM,0.1693,diff_km_D10_to_D1
CE01ISSM,0.1698,diff_km_D10_to_D2
CE01ISSM,0.1588,diff_km_D10_to_D3
CE01ISSM,0.0731,diff_km_D10_to_D4
CE01ISSM,0.1967,diff_km_D4_to_D2
CE01ISSM,0.1642,diff_km_D10_to_D5
CE01ISSM,0.0,diff_km_D10_to_D6
CE01ISSM,0.3859,diff_km_D10_to_D7
CE01ISSM,0.0153,diff_km_D10_to_D8
CE01ISSM,0.3246,diff_km_D10_to_D9
CE01ISSM,0.2015,diff_km_D4_to_D3
CE01ISSM,0.0278,diff_km_D5_to_D1
CE01ISSM,0.0463,diff_km_D5_to_D2
CE01ISSM,0.0058,diff_km_D5_to_D3
CE01ISSM,0.2072,diff_km_D5_to_D4
CE01ISSP,0.669,diff_km_D2_to_D1
CE01ISSP,1.1246,diff_km_D3_to_D1
CE01ISSP,0.4422,diff_km_D6_to_D1
CE01ISSP,0.2344,diff_km_D6_to_D2
CE01ISSP,1.5398,diff_km_D6_to_D3
CE01ISSP,0.6724,diff_km_D6_to_D4
CE01ISSP,0.3567,diff_km_D6_to_D5
CE01ISSP,0.0279,diff_km_D7_to_D1
CE01ISSP,0.6887,diff_km_D7_to_D2
CE01ISSP,1.1002,diff_km_D7_to_D3
CE01ISSP,0.3249,diff_km_D7_to_D4
CE01ISSP,0.1031,diff_km_D7_to_D5
CE01ISSP,1.7742,diff_km_D3_to_D2
CE01ISSP,0.4598,diff_km_D7_to_D6
CE01ISSP,0.2983,diff_km_D8_to_D1
CE01ISSP,0.3721,diff_km_D8_to_D2
CE01ISSP,1.4063,diff_km_D8_to_D3
CE01ISSP,0.5562,diff_km_D8_to_D4
CE01ISSP,0.214,diff_km_D8_to_D5
CE01ISSP,0.1445,diff_km_D8_to_D6
CE01ISSP,0.3169,diff_km_D8_to_D7
CE01ISSP,0.5363,diff_km_D9_to_D1
CE01ISSP,1.125,diff_km_D9_to_D2
CE01ISSP,0.3521,diff_km_D4_to_D1
CE01ISSP,0.677,diff_km_D9_to_D3
CE01ISSP,0.2212,diff_km_D9_to_D4
CE01ISSP,0.5857,diff_km_D9_to_D5
CE01ISSP,0.8927,diff_km_D9_to_D6
CE01ISSP,0.5085,diff_km_D9_to_D7
CE01ISSP,0.7726,diff_km_D9_to_D8
CE01ISSP,0.5007,diff_km_D10_to_D1
CE01ISSP,0.9652,diff_km_D10_to_D2
CE01ISSP,0.9083,diff_km_D10_to_D3
CE01ISSP,0.1693,diff_km_D10_to_D4
CE01ISSP,0.9041,diff_km_D4_to_D2
CE01ISSP,0.5133,diff_km_D10_to_D5
CE01ISSP,0.7446,diff_km_D10_to_D6
CE01ISSP,0.4752,diff_km_D10_to_D7
CE01ISSP,0.6506,diff_km_D10_to_D8
CE01ISSP,0.2469,diff_km_D10_to_D9
CE01ISSP,0.6251,diff_km_D11_to_D1
CE01ISSP,1.1142,diff_km_D11_to_D2
CE01ISSP,0.7999,diff_km_D11_to_D3
CE01ISSP,0.2739,diff_km_D11_to_D4
CE01ISSP,0.6487,diff_km_D11_to_D5
CE01ISSP,0.8899,diff_km_D4_to_D3
CE01ISSP,0.8936,diff_km_D11_to_D6
CE01ISSP,0.5982,diff_km_D11_to_D7
CE01ISSP,0.7972,diff_km_D11_to_D8
CE01ISSP,0.2093,diff_km_D11_to_D9
CE01ISSP,0.1492,diff_km_D11_to_D10
CE01ISSP,0.0874,diff_km_D5_to_D1
CE01ISSP,0.586,diff_km_D5_to_D2
CE01ISSP,1.1977,diff_km_D5_to_D3
CE01ISSP,0.3833,diff_km_D5_to_D4
CE02SHSM,0.3451,diff_km_D2_to_D1
CE02SHSM,0.2994,diff_km_D3_to_D1
CE02SHSM,0.1033,diff_km_D6_to_D1
CE02SHSM,0.4473,diff_km_D6_to_D2
CE02SHSM,0.4004,diff_km_D6_to_D3
CE02SHSM,0.005,diff_km_D6_to_D4
CE02SHSM,0.3837,diff_km_D6_to_D5
CE02SHSM,0.2965,diff_km_D7_to_D1
CE02SHSM,0.1356,diff_km_D7_to_D2
CE02SHSM,0.0075,diff_km_D7_to_D3
CE02SHSM,0.4024,diff_km_D7_to_D4
CE02SHSM,0.0278,diff_km_D7_to_D5
CE02SHSM,0.1421,diff_km_D3_to_D2
CE02SHSM,0.3979,diff_km_D7_to_D6
CE02SHSM,0.2293,diff_km_D8_to_D1
CE02SHSM,0.4649,diff_km_D8_to_D2
CE02SHSM,0.481,diff_km_D8_to_D3
CE02SHSM,0.2029,diff_km_D8_to_D4
CE02SHSM,0.4525,diff_km_D8_to_D5
CE02SHSM,0.2058,diff_km_D8_to_D6
CE02SHSM,0.4758,diff_km_D8_to_D7
CE02SHSM,0.1074,diff_km_D4_to_D1
CE02SHSM,0.4509,diff_km_D4_to_D2
CE02SHSM,0.4049,diff_km_D4_to_D3
CE02SHSM,0.2811,diff_km_D5_to_D1
CE02SHSM,0.1176,diff_km_D5_to_D2
CE02SHSM,0.0351,diff_km_D5_to_D3
CE02SHSM,0.388,diff_km_D5_to_D4
CE02SHSP,0.382,diff_km_D2_to_D1
CE02SHSP,0.8602,diff_km_D3_to_D1
CE02SHSP,0.3166,diff_km_D6_to_D1
CE02SHSP,0.444,diff_km_D6_to_D2
CE02SHSP,0.5778,diff_km_D6_to_D3
CE02SHSP,0.4071,diff_km_D6_to_D4
CE02SHSP,0.3814,diff_km_D6_to_D5
CE02SHSP,0.4465,diff_km_D7_to_D1
CE02SHSP,0.3286,diff_km_D7_to_D2
CE02SHSP,0.6987,diff_km_D7_to_D3
CE02SHSP,0.4882,diff_km_D7_to_D4
CE02SHSP,0.3598,diff_km_D7_to_D5
CE02SHSP,0.9997,diff_km_D3_to_D2
CE02SHSP,0.2467,diff_km_D7_to_D6
CE02SHSP,0.2537,diff_km_D8_to_D1
CE02SHSP,0.6317,diff_km_D8_to_D2
CE02SHSP,0.7954,diff_km_D8_to_D3
CE02SHSP,0.3421,diff_km_D8_to_D4
CE02SHSP,0.4902,diff_km_D8_to_D5
CE02SHSP,0.4005,diff_km_D8_to_D6
CE02SHSP,0.6164,diff_km_D8_to_D7
CE02SHSP,0.6325,diff_km_D9_to_D1
CE02SHSP,0.3887,diff_km_D9_to_D2
CE02SHSP,0.113,diff_km_D4_to_D1
CE02SHSP,0.822,diff_km_D9_to_D3
CE02SHSP,0.6508,diff_km_D9_to_D4
CE02SHSP,0.4857,diff_km_D9_to_D5
CE02SHSP,0.4558,diff_km_D9_to_D6
CE02SHSP,0.2107,diff_km_D9_to_D7
CE02SHSP,0.823,diff_km_D9_to_D8
CE02SHSP,1.4247,diff_km_D10_to_D1
CE02SHSP,1.059,diff_km_D10_to_D2
CE02SHSP,1.6058,diff_km_D10_to_D3
CE02SHSP,1.3969,diff_km_D10_to_D4
CE02SHSP,0.3382,diff_km_D4_to_D2
CE02SHSP,1.2081,diff_km_D10_to_D5
CE02SHSP,1.3163,diff_km_D10_to_D6
CE02SHSP,1.0697,diff_km_D10_to_D7
CE02SHSP,1.6537,diff_km_D10_to_D8
CE02SHSP,0.8631,diff_km_D10_to_D9
CE02SHSP,0.2805,diff_km_D11_to_D1
CE02SHSP,0.3321,diff_km_D11_to_D2
CE02SHSP,0.679,diff_km_D11_to_D3
CE02SHSP,0.3466,diff_km_D11_to_D4
CE02SHSP,0.2815,diff_km_D11_to_D5
CE02SHSP,0.9666,diff_km_D4_to_D3
CE02SHSP,0.1122,diff_km_D11_to_D6
CE02SHSP,0.1814,diff_km_D11_to_D7
CE02SHSP,0.4352,diff_km_D11_to_D8
CE02SHSP,0.3886,diff_km_D11_to_D9
CE02SHSP,1.2358,diff_km_D11_to_D10
CE02SHSP,0.2371,diff_km_D5_to_D1
CE02SHSP,0.1502,diff_km_D5_to_D2
CE02SHSP,0.9584,diff_km_D5_to_D3
CE02SHSP,0.1889,diff_km_D5_to_D4
CE04OSSM,0.2232,diff_km_D2_to_D1
CE04OSSM,1.8362,diff_km_D3_to_D1
CE04OSSM,0.3786,diff_km_D6_to_D1
CE04OSSM,0.3164,diff_km_D6_to_D2
CE04OSSM,2.0996,diff_km_D6_to_D3
CE04OSSM,0.0898,diff_km_D6_to_D4
CE04OSSM,1.913,diff_km_D6_to_D5
CE04OSSM,1.5411,diff_km_D7_to_D1
CE04OSSM,1.763,diff_km_D7_to_D2
CE04OSSM,0.4829,diff_km_D7_to_D3
CE04OSSM,1.7685,diff_km_D7_to_D4
CE04OSSM,0.1979,diff_km_D7_to_D5
CE04OSSM,2.058,diff_km_D3_to_D2
CE04OSSM,1.7456,diff_km_D7_to_D6
CE04OSSM,0.3302,diff_km_D4_to_D1
CE04OSSM,0.2311,diff_km_D4_to_D2
CE04OSSM,2.1071,diff_km_D4_to_D3
CE04OSSM,1.7253,diff_km_D5_to_D1
CE04OSSM,1.946,diff_km_D5_to_D2
CE04OSSM,0.4953,diff_km_D5_to_D3
CE04OSSM,1.9407,diff_km_D5_to_D4
CE05MOAS-GL247,4.7315,diff_km_D5_to_D4
CE05MOAS-GL247,277.2054,diff_km_D6_to_D4
CE05MOAS-GL247,276.9737,diff_km_D6_to_D5
CE05MOAS-GL311,61.3069,diff_km_D2_to_D1
CE05MOAS-GL311,58.7152,diff_km_D3_to_D1
CE05MOAS-GL311,59.049,diff_km_D6_to_D1
CE05MOAS-GL311,3.2245,diff_km_D6_to_D2
CE05MOAS-GL311,0.7749,diff_km_D6_to_D3
CE05MOAS-GL311,277.8729,diff_km_D6_to_D4
CE05MOAS-GL311,13.2769,diff_km_D6_to_D5
CE05MOAS-GL311,3.0368,diff_km_D3_to_D2
CE05MOAS-GL311,311.01,diff_km_D4_to_D1
CE05MOAS-GL311,274.7467,diff_km_D4_to_D2
CE05MOAS-GL311,277.4301,diff_km_D4_to_D3
CE05MOAS-GL311,71.9776,diff_km_D5_to_D1
CE05MOAS-GL311,12.0595,diff_km_D5_to_D2
CE05MOAS-GL311,13.7918,diff_km_D5_to_D3
CE05MOAS-GL311,274.8054,diff_km_D5_to_D4
CE05MOAS-GL312,19.5721,diff_km_D2_to_D1
CE05MOAS-GL312,20.5446,diff_km_D3_to_D1
CE05MOAS-GL312,18.8883,diff_km_D6_to_D1
CE05MOAS-GL312,1.1639,diff_km_D6_to_D2
CE05MOAS-GL312,2.2774,diff_km_D6_to_D3
CE05MOAS-GL312,260.229,diff_km_D6_to_D4
CE05MOAS-GL312,2.5401,diff_km_D6_to_D5
CE05MOAS-GL312,1.1475,diff_km_D3_to_D2
CE05MOAS-GL312,257.2262,diff_km_D4_to_D1
CE05MOAS-GL312,259.4185,diff_km_D4_to_D2
CE05MOAS-GL312,258.9473,diff_km_D4_to_D3
CE05MOAS-GL312,19.7131,diff_km_D5_to_D1
CE05MOAS-GL312,3.408,diff_km_D5_to_D2
CE05MOAS-GL312,4.1809,diff_km_D5_to_D3
CE05MOAS-GL312,262.7626,diff_km_D5_to_D4
CE05MOAS-GL319,19.9179,diff_km_D3_to_D1
CE05MOAS-GL319,21.0761,diff_km_D4_to_D1
CE05MOAS-GL319,21.8567,diff_km_D7_to_D1
CE05MOAS-GL319,1.9527,diff_km_D7_to_D3
CE05MOAS-GL319,1.8971,diff_km_D7_to_D4
CE05MOAS-GL319,262.3155,diff_km_D7_to_D5
CE05MOAS-GL319,2.7792,diff_km_D7_to_D6
CE05MOAS-GL319,2.2066,diff_km_D4_to_D3
CE05MOAS-GL319,252.0509,diff_km_D5_to_D1
CE05MOAS-GL319,261.5391,diff_km_D5_to_D3
CE05MOAS-GL319,260.4221,diff_km_D5_to_D4
CE05MOAS-GL319,23.1336,diff_km_D6_to_D1
CE05MOAS-GL319,3.8506,diff_km_D6_to_D3
CE05MOAS-GL319,4.6753,diff_km_D6_to_D4
CE05MOAS-GL319,265.0797,diff_km_D6_to_D5
CE05MOAS-GL320,60.6461,diff_km_D2_to_D1
CE05MOAS-GL320,291.3002,diff_km_D3_to_D1
CE05MOAS-GL320,260.4026,diff_km_D3_to_D2
CE05MOAS-GL320,68.1651,diff_km_D4_to_D1
CE05MOAS-GL320,8.539,diff_km_D4_to_D2
CE05MOAS-GL320,261.3008,diff_km_D4_to_D3
CE05MOAS-GL326,61.2963,diff_km_D2_to_D1
CE05MOAS-GL326,375.2018,diff_km_D3_to_D1
CE05MOAS-GL326,308.0391,diff_km_D6_to_D1
CE05MOAS-GL326,281.1331,diff_km_D6_to_D2
CE05MOAS-GL326,67.1633,diff_km_D6_to_D3
CE05MOAS-GL326,31.9474,diff_km_D6_to_D4
CE05MOAS-GL326,32.5651,diff_km_D6_to_D5
CE05MOAS-GL326,276.1696,diff_km_D7_to_D1
CE05MOAS-GL326,249.8233,diff_km_D7_to_D2
CE05MOAS-GL326,99.0324,diff_km_D7_to_D3
CE05MOAS-GL326,2.5285,diff_km_D7_to_D4
CE05MOAS-GL326,7.696,diff_km_D7_to_D5
CE05MOAS-GL326,347.3008,diff_km_D3_to_D2
CE05MOAS-GL326,31.8714,diff_km_D7_to_D6
CE05MOAS-GL326,276.2346,diff_km_D4_to_D1
CE05MOAS-GL326,249.3581,diff_km_D4_to_D2
CE05MOAS-GL326,99.0153,diff_km_D4_to_D3
CE05MOAS-GL326,276.4155,diff_km_D5_to_D1
CE05MOAS-GL326,251.6834,diff_km_D5_to_D2
CE05MOAS-GL326,99.1798,diff_km_D5_to_D3
CE05MOAS-GL326,10.223,diff_km_D5_to_D4
CE05MOAS-GL327,61.1078,diff_km_D2_to_D1
CE05MOAS-GL327,61.3204,diff_km_D3_to_D1
CE05MOAS-GL327,275.3633,diff_km_D6_to_D1
CE05MOAS-GL327,252.2271,diff_km_D6_to_D2
CE05MOAS-GL327,251.2883,diff_km_D6_to_D3
CE05MOAS-GL327,260.4602,diff_km_D6_to_D4
CE05MOAS-GL327,65.754,diff_km_D6_to_D5
CE05MOAS-GL327,275.9698,diff_km_D7_to_D1
CE05MOAS-GL327,249.8167,diff_km_D7_to_D2
CE05MOAS-GL327,248.8823,diff_km_D7_to_D3
CE05MOAS-GL327,259.8709,diff_km_D7_to_D4
CE05MOAS-GL327,51.5356,diff_km_D7_to_D5
CE05MOAS-GL327,0.9404,diff_km_D3_to_D2
CE05MOAS-GL327,14.2187,diff_km_D7_to_D6
CE05MOAS-GL327,27.3385,diff_km_D4_to_D1
CE05MOAS-GL327,34.1553,diff_km_D4_to_D2
CE05MOAS-GL327,34.2808,diff_km_D4_to_D3
CE05MOAS-GL327,283.7991,diff_km_D5_to_D1
CE05MOAS-GL327,247.4174,diff_km_D5_to_D2
CE05MOAS-GL327,246.5252,diff_km_D5_to_D3
CE05MOAS-GL327,263.8269,diff_km_D5_to_D4
CE05MOAS-GL381,305.8285,diff_km_D2_to_D1
CE05MOAS-GL381,59.3108,diff_km_D3_to_D1
CE05MOAS-GL381,272.224,diff_km_D3_to_D2
CE05MOAS-GL381,276.3803,diff_km_D4_to_D1
CE05MOAS-GL381,53.047,diff_km_D4_to_D2
CE05MOAS-GL381,251.5022,diff_km_D4_to_D3
CE05MOAS-GL381,294.4093,diff_km_D5_to_D1
CE05MOAS-GL381,19.1192,diff_km_D5_to_D2
CE05MOAS-GL381,263.6659,diff_km_D5_to_D3
CE05MOAS-GL381,33.9279,diff_km_D5_to_D4
CE05MOAS-GL382,4.4444,diff_km_D2_to_D1
CE05MOAS-GL382,256.6664,diff_km_D3_to_D1
CE05MOAS-GL382,261.1044,diff_km_D3_to_D2
CE05MOAS-GL382,143.9618,diff_km_D4_to_D1
CE05MOAS-GL382,139.5316,diff_km_D4_to_D2
CE05MOAS-GL382,399.8113,diff_km_D4_to_D3
CE05MOAS-GL383,10.4654,diff_km_D2_to_D1
CE05MOAS-GL383,268.513,diff_km_D3_to_D1
CE05MOAS-GL383,10.697,diff_km_D6_to_D1
CE05MOAS-GL383,6.0483,diff_km_D6_to_D2
CE05MOAS-GL383,274.4783,diff_km_D6_to_D3
CE05MOAS-GL383,3.6466,diff_km_D6_to_D4
CE05MOAS-GL383,17.7689,diff_km_D6_to_D5
CE05MOAS-GL383,268.6732,diff_km_D3_to_D2
CE05MOAS-GL383,9.4039,diff_km_D4_to_D1
CE05MOAS-GL383,2.5807,diff_km_D4_to_D2
CE05MOAS-GL383,270.8435,diff_km_D4_to_D3
CE05MOAS-GL383,7.0866,diff_km_D5_to_D1
CE05MOAS-GL383,17.0346,diff_km_D5_to_D2
CE05MOAS-GL383,265.2381,diff_km_D5_to_D3
CE05MOAS-GL383,16.3557,diff_km_D5_to_D4
CE05MOAS-GL384,296.134,diff_km_D2_to_D1
CE05MOAS-GL384,276.0638,diff_km_D3_to_D1
CE05MOAS-GL384,42.6181,diff_km_D3_to_D2
CE05MOAS-GL384,48.9072,diff_km_D4_to_D1
CE05MOAS-GL384,266.334,diff_km_D4_to_D2
CE05MOAS-GL384,252.1131,diff_km_D4_to_D3
CE05MOAS-GL384,292.5641,diff_km_D5_to_D1
CE05MOAS-GL384,9.5425,diff_km_D5_to_D2
CE05MOAS-GL384,33.2255,diff_km_D5_to_D3
CE05MOAS-GL384,264.0403,diff_km_D5_to_D4
CE05MOAS-GL386,247.1885,diff_km_D2_to_D1
CE05MOAS-GL386,225.5845,diff_km_D3_to_D1
CE05MOAS-GL386,19.5582,diff_km_D6_to_D1
CE05MOAS-GL386,242.4377,diff_km_D6_to_D2
CE05MOAS-GL386,226.4218,diff_km_D6_to_D3
CE05MOAS-GL386,22.9158,diff_km_D6_to_D4
CE05MOAS-GL386,37.9219,diff_km_D6_to_D5
CE05MOAS-GL386,18.9053,diff_km_D7_to_D1
CE05MOAS-GL386,250.1438,diff_km_D7_to_D2
CE05MOAS-GL386,223.2751,diff_km_D7_to_D3
CE05MOAS-GL386,55.8942,diff_km_D7_to_D4
CE05MOAS-GL386,42.2472,diff_km_D7_to_D5
CE05MOAS-GL386,70.1107,diff_km_D3_to_D2
CE05MOAS-GL386,38.3333,diff_km_D7_to_D6
CE05MOAS-GL386,19.2729,diff_km_D8_to_D1
CE05MOAS-GL386,247.0019,diff_km_D8_to_D2
CE05MOAS-GL386,220.0557,diff_km_D8_to_D3
CE05MOAS-GL386,54.8011,diff_km_D8_to_D4
CE05MOAS-GL386,39.5197,diff_km_D8_to_D5
CE05MOAS-GL386,38.2955,diff_km_D8_to_D6
CE05MOAS-GL386,3.2236,diff_km_D8_to_D7
CE05MOAS-GL386,5.2088,diff_km_D9_to_D1
CE05MOAS-GL386,245.6861,diff_km_D9_to_D2
CE05MOAS-GL386,39.212,diff_km_D4_to_D1
CE05MOAS-GL386,225.5445,diff_km_D9_to_D3
CE05MOAS-GL386,34.4975,diff_km_D9_to_D4
CE05MOAS-GL386,36.0442,diff_km_D9_to_D5
CE05MOAS-GL386,14.3507,diff_km_D9_to_D6
CE05MOAS-GL386,24.0455,diff_km_D9_to_D7
CE05MOAS-GL386,24.2299,diff_km_D9_to_D8
CE05MOAS-GL386,259.6624,diff_km_D10_to_D1
CE05MOAS-GL386,33.2525,diff_km_D10_to_D2
CE05MOAS-GL386,51.8527,diff_km_D10_to_D3
CE05MOAS-GL386,240.0338,diff_km_D10_to_D4
CE05MOAS-GL386,223.525,diff_km_D4_to_D2
CE05MOAS-GL386,222.8362,diff_km_D10_to_D5
CE05MOAS-GL386,257.23,diff_km_D10_to_D6
CE05MOAS-GL386,260.303,diff_km_D10_to_D7
CE05MOAS-GL386,257.0957,diff_km_D10_to_D8
CE05MOAS-GL386,258.7759,diff_km_D10_to_D9
CE05MOAS-GL386,212.2799,diff_km_D4_to_D3
CE05MOAS-GL386,36.8814,diff_km_D5_to_D1
CE05MOAS-GL386,210.4167,diff_km_D5_to_D2
CE05MOAS-GL386,189.6908,diff_km_D5_to_D3
CE05MOAS-GL386,34.1585,diff_km_D5_to_D4
CE06ISSM,1.6405,diff_km_D2_to_D1
CE06ISSM,1.8636,diff_km_D3_to_D1
CE06ISSM,1.9637,diff_km_D6_to_D1
CE06ISSM,0.3302,diff_km_D6_to_D2
CE06ISSM,0.1153,diff_km_D6_to_D3
CE06ISSM,0.1394,diff_km_D6_to_D4
CE06ISSM,0.0588,diff_km_D6_to_D5
CE06ISSM,2.0178,diff_km_D7_to_D1
CE06ISSM,0.3904,diff_km_D7_to_D2
CE06ISSM,0.156,diff_km_D7_to_D3
CE06ISSM,0.1296,diff_km_D7_to_D4
CE06ISSM,0.1135,diff_km_D7_to_D5
CE06ISSM,0.2525,diff_km_D3_to_D2
CE06ISSM,0.0643,diff_km_D7_to_D6
CE06ISSM,1.89,diff_km_D8_to_D1
CE06ISSM,0.3387,diff_km_D8_to_D2
CE06ISSM,0.1203,diff_km_D8_to_D3
CE06ISSM,0.3208,diff_km_D8_to_D4
CE06ISSM,0.1639,diff_km_D8_to_D5
CE06ISSM,0.1928,diff_km_D8_to_D6
CE06ISSM,0.1943,diff_km_D8_to_D7
CE06ISSM,2.029,diff_km_D9_to_D1
CE06ISSM,0.4092,diff_km_D9_to_D2
CE06ISSM,2.0802,diff_km_D4_to_D1
CE06ISSM,0.1655,diff_km_D9_to_D3
CE06ISSM,0.1539,diff_km_D9_to_D4
CE06ISSM,0.133,diff_km_D9_to_D5
CE06ISSM,0.0924,diff_km_D9_to_D6
CE06ISSM,0.0328,diff_km_D9_to_D7
CE06ISSM,0.1817,diff_km_D9_to_D8
CE06ISSM,0.4398,diff_km_D4_to_D2
CE06ISSM,0.2545,diff_km_D4_to_D3
CE06ISSM,1.9064,diff_km_D5_to_D1
CE06ISSM,0.2771,diff_km_D5_to_D2
CE06ISSM,0.0614,diff_km_D5_to_D3
CE06ISSM,0.1951,diff_km_D5_to_D4
CE06ISSP,0.7332,diff_km_D2_to_D1
CE06ISSP,0.4493,diff_km_D3_to_D1
CE06ISSP,0.2481,diff_km_D6_to_D1
CE06ISSP,0.4853,diff_km_D6_to_D2
CE06ISSP,0.3364,diff_km_D6_to_D3
CE06ISSP,0.1849,diff_km_D6_to_D4
CE06ISSP,0.2984,diff_km_D6_to_D5
CE06ISSP,0.2605,diff_km_D7_to_D1
CE06ISSP,0.4856,diff_km_D7_to_D2
CE06ISSP,0.2773,diff_km_D7_to_D3
CE06ISSP,0.2438,diff_km_D7_to_D4
CE06ISSP,0.3567,diff_km_D7_to_D5
CE06ISSP,0.5553,diff_km_D3_to_D2
CE06ISSP,0.0593,diff_km_D7_to_D6
CE06ISSP,0.5393,diff_km_D8_to_D1
CE06ISSP,0.2683,diff_km_D8_to_D2
CE06ISSP,0.5442,diff_km_D8_to_D3
CE06ISSP,0.3053,diff_km_D8_to_D4
CE06ISSP,0.3677,diff_km_D8_to_D5
CE06ISSP,0.3139,diff_km_D8_to_D6
CE06ISSP,0.3453,diff_km_D8_to_D7
CE06ISSP,0.1205,diff_km_D9_to_D1
CE06ISSP,0.6314,diff_km_D9_to_D2
CE06ISSP,0.274,diff_km_D4_to_D1
CE06ISSP,0.338,diff_km_D9_to_D3
CE06ISSP,0.2575,diff_km_D9_to_D4
CE06ISSP,0.3474,diff_km_D9_to_D5
CE06ISSP,0.1529,diff_km_D9_to_D6
CE06ISSP,0.1475,diff_km_D9_to_D7
CE06ISSP,0.4649,diff_km_D9_to_D8
CE06ISSP,0.5506,diff_km_D4_to_D2
CE06ISSP,0.5211,diff_km_D4_to_D3
CE06ISSP,0.3287,diff_km_D5_to_D1
CE06ISSP,0.6299,diff_km_D5_to_D2
CE06ISSP,0.6335,diff_km_D5_to_D3
CE06ISSP,0.1145,diff_km_D5_to_D4
CE07SHSM,0.2503,diff_km_D2_to_D1
CE07SHSM,0.4303,diff_km_D3_to_D1
CE07SHSM,0.2208,diff_km_D6_to_D1
CE07SHSM,0.4692,diff_km_D6_to_D2
CE07SHSM,0.6245,diff_km_D6_to_D3
CE07SHSM,0.1789,diff_km_D6_to_D4
CE07SHSM,0.4524,diff_km_D6_to_D5
CE07SHSM,0.2657,diff_km_D7_to_D1
CE07SHSM,0.0884,diff_km_D7_to_D2
CE07SHSM,0.1671,diff_km_D7_to_D3
CE07SHSM,0.3043,diff_km_D7_to_D4
CE07SHSM,0.04,diff_km_D7_to_D5
CE07SHSM,0.2268,diff_km_D3_to_D2
CE07SHSM,0.4701,diff_km_D7_to_D6
CE07SHSM,0.3398,diff_km_D8_to_D1
CE07SHSM,0.5788,diff_km_D8_to_D2
CE07SHSM,0.7701,diff_km_D8_to_D3
CE07SHSM,0.3035,diff_km_D8_to_D4
CE07SHSM,0.5975,diff_km_D8_to_D5
CE07SHSM,0.1967,diff_km_D8_to_D6
CE07SHSM,0.6053,diff_km_D8_to_D7
CE07SHSM,0.0421,diff_km_D4_to_D1
CE07SHSM,0.2922,diff_km_D4_to_D2
CE07SHSM,0.4672,diff_km_D4_to_D3
CE07SHSM,0.2583,diff_km_D5_to_D1
CE07SHSM,0.1235,diff_km_D5_to_D2
CE07SHSM,0.1734,diff_km_D5_to_D3
CE07SHSM,0.2942,diff_km_D5_to_D4
CE07SHSP,0.2831,diff_km_D2_to_D1
CE07SHSP,0.4923,diff_km_D3_to_D1
CE07SHSP,0.4886,diff_km_D6_to_D1
CE07SHSP,0.3295,diff_km_D6_to_D2
CE07SHSP,0.3914,diff_km_D6_to_D3
CE07SHSP,0.3951,diff_km_D6_to_D4
CE07SHSP,0.4468,diff_km_D6_to_D5
CE07SHSP,0.54,diff_km_D7_to_D1
CE07SHSP,0.3145,diff_km_D7_to_D2
CE07SHSP,0.188,diff_km_D7_to_D3
CE07SHSP,0.1846,diff_km_D7_to_D4
CE07SHSP,0.1969,diff_km_D7_to_D5
CE07SHSP,0.2134,diff_km_D3_to_D2
CE07SHSP,0.572,diff_km_D7_to_D6
CE07SHSP,0.4116,diff_km_D4_to_D1
CE07SHSP,0.1433,diff_km_D4_to_D2
CE07SHSP,0.0871,diff_km_D4_to_D3
CE07SHSP,0.3475,diff_km_D5_to_D1
CE07SHSP,0.1331,diff_km_D5_to_D2
CE07SHSP,0.1801,diff_km_D5_to_D3
CE07SHSP,0.0954,diff_km_D5_to_D4
CE09OSPM,0.4155,diff_km_D2_to_D1
CE09OSPM,0.1537,diff_km_D3_to_D1
CE09OSPM,0.8268,diff_km_D6_to_D1
CE09OSPM,1.228,diff_km_D6_to_D2
CE09OSPM,0.7566,diff_km_D6_to_D3
CE09OSPM,1.2432,diff_km_D6_to_D4
CE09OSPM,0.0436,diff_km_D6_to_D5
CE09OSPM,0.4448,diff_km_D7_to_D1
CE09OSPM,0.8272,diff_km_D7_to_D2
CE09OSPM,0.4218,diff_km_D7_to_D3
CE09OSPM,0.8515,diff_km_D7_to_D4
CE09OSPM,0.4068,diff_km_D7_to_D5
CE09OSPM,0.5429,diff_km_D3_to_D2
CE09OSPM,0.4076,diff_km_D7_to_D6
CE09OSPM,0.1263,diff_km_D8_to_D1
CE09OSPM,0.4216,diff_km_D8_to_D2
CE09OSPM,0.1345,diff_km_D8_to_D3
CE09OSPM,0.393,diff_km_D8_to_D4
CE09OSPM,0.868,diff_km_D8_to_D5
CE09OSPM,0.8864,diff_km_D8_to_D6
CE09OSPM,0.5317,diff_km_D8_to_D7
CE09OSPM,0.4147,diff_km_D9_to_D1
CE09OSPM,0.0953,diff_km_D9_to_D2
CE09OSPM,0.4174,diff_km_D4_to_D1
CE09OSPM,0.5567,diff_km_D9_to_D3
CE09OSPM,0.1945,diff_km_D9_to_D4
CE09OSPM,1.1943,diff_km_D9_to_D5
CE09OSPM,1.1998,diff_km_D9_to_D6
CE09OSPM,0.7939,diff_km_D9_to_D7
CE09OSPM,0.4485,diff_km_D9_to_D8
CE09OSPM,0.156,diff_km_D10_to_D1
CE09OSPM,0.3856,diff_km_D10_to_D2
CE09OSPM,0.1828,diff_km_D10_to_D3
CE09OSPM,0.35,diff_km_D10_to_D4
CE09OSPM,0.1005,diff_km_D4_to_D2
CE09OSPM,0.917,diff_km_D10_to_D5
CE09OSPM,0.9353,diff_km_D10_to_D6
CE09OSPM,0.578,diff_km_D10_to_D7
CE09OSPM,0.0489,diff_km_D10_to_D8
CE09OSPM,0.4204,diff_km_D10_to_D9
CE09OSPM,0.5237,diff_km_D4_to_D3
CE09OSPM,0.8138,diff_km_D5_to_D1
CE09OSPM,1.2192,diff_km_D5_to_D2
CE09OSPM,0.7366,diff_km_D5_to_D3
CE09OSPM,1.231,diff_km_D5_to_D4
CE09OSSM,0.3509,diff_km_D2_to_D1
CE09OSSM,0.2356,diff_km_D3_to_D1
CE09OSSM,2.0881,diff_km_D6_to_D1
CE09OSSM,2.3931,diff_km_D6_to_D2
CE09OSSM,1.8609,diff_km_D6_to_D3
CE09OSSM,1.0082,diff_km_D6_to_D4
CE09OSSM,2.0337,diff_km_D6_to_D5
CE09OSSM,0.0987,diff_km_D7_to_D1
CE09OSSM,0.3068,diff_km_D7_to_D2
CE09OSSM,0.2801,diff_km_D7_to_D3
CE09OSSM,1.0892,diff_km_D7_to_D4
CE09OSSM,0.0603,diff_km_D7_to_D5
CE09OSSM,0.5799,diff_km_D3_to_D2
CE09OSSM,2.094,diff_km_D7_to_D6
CE09OSSM,1.5528,diff_km_D8_to_D1
CE09OSSM,1.8562,diff_km_D8_to_D2
CE09OSSM,1.3276,diff_km_D8_to_D3
CE09OSSM,0.4749,diff_km_D8_to_D4
CE09OSSM,1.4969,diff_km_D8_to_D5
CE09OSSM,0.5369,diff_km_D8_to_D6
CE09OSSM,1.5572,diff_km_D8_to_D7
CE09OSSM,1.08,diff_km_D4_to_D1
CE09OSSM,1.3919,diff_km_D4_to_D2
CE09OSSM,0.8531,diff_km_D4_to_D3
CE09OSSM,0.1113,diff_km_D5_to_D1
CE09OSSM,0.3657,diff_km_D5_to_D2
CE09OSSM,0.2308,diff_km_D5_to_D3
CE09OSSM,1.029,diff_km_D5_to_D4
CP01CNSM,0.8405,diff_km_D2_to_D1
CP01CNSM,0.4028,diff_km_D3_to_D1
CP01CNSM,0.8293,diff_km_D6_to_D1
CP01CNSM,0.0647,diff_km_D6_to_D2
CP01CNSM,0.9724,diff_km_D6_to_D3
CP01CNSM,0.0214,diff_km_D6_to_D4
CP01CNSM,0.9828,diff_km_D6_to_D5
CP01CNSM,0.3568,diff_km_D7_to_D1
CP01CNSM,0.9316,diff_km_D7_to_D2
CP01CNSM,0.0461,diff_km_D7_to_D3
CP01CNSM,0.9591,diff_km_D7_to_D4
CP01CNSM,0.0633,diff_km_D7_to_D5
CP01CNSM,0.9561,diff_km_D3_to_D2
CP01CNSM,0.9453,diff_km_D7_to_D6
CP01CNSM,0.8182,diff_km_D8_to_D1
CP01CNSM,0.0769,diff_km_D8_to_D2
CP01CNSM,0.9665,diff_km_D8_to_D3
CP01CNSM,0.0203,diff_km_D8_to_D4
CP01CNSM,0.9771,diff_km_D8_to_D5
CP01CNSM,0.015,diff_km_D8_to_D6
CP01CNSM,0.9389,diff_km_D8_to_D7
CP01CNSM,0.3537,diff_km_D9_to_D1
CP01CNSM,0.9185,diff_km_D9_to_D2
CP01CNSM,0.836,diff_km_D4_to_D1
CP01CNSM,0.0522,diff_km_D9_to_D3
CP01CNSM,0.9463,diff_km_D9_to_D4
CP01CNSM,0.069,diff_km_D9_to_D5
CP01CNSM,0.9325,diff_km_D9_to_D6
CP01CNSM,0.0133,diff_km_D9_to_D7
CP01CNSM,0.9261,diff_km_D9_to_D8
CP01CNSM,0.0845,diff_km_D4_to_D2
CP01CNSM,0.9868,diff_km_D4_to_D3
CP01CNSM,0.4199,diff_km_D5_to_D1
CP01CNSM,0.9656,diff_km_D5_to_D2
CP01CNSM,0.0172,diff_km_D5_to_D3
CP01CNSM,0.9973,diff_km_D5_to_D4
CP02PMCI,0.9048,diff_km_D2_to_D1
CP02PMCI,0.0212,diff_km_D3_to_D1
CP02PMCI,0.0755,diff_km_D6_to_D1
CP02PMCI,0.9754,diff_km_D6_to_D2
CP02PMCI,0.0546,diff_km_D6_to_D3
CP02PMCI,0.979,diff_km_D6_to_D4
CP02PMCI,0.0542,diff_km_D6_to_D5
CP02PMCI,0.886,diff_km_D7_to_D1
CP02PMCI,0.0282,diff_km_D7_to_D2
CP02PMCI,0.9064,diff_km_D7_to_D3
CP02PMCI,0.023,diff_km_D7_to_D4
CP02PMCI,0.9194,diff_km_D7_to_D5
CP02PMCI,0.9253,diff_km_D3_to_D2
CP02PMCI,0.956,diff_km_D7_to_D6
CP02PMCI,0.0449,diff_km_D8_to_D1
CP02PMCI,0.936,diff_km_D8_to_D2
CP02PMCI,0.0294,diff_km_D8_to_D3
CP02PMCI,0.9394,diff_km_D8_to_D4
CP02PMCI,0.0445,diff_km_D8_to_D5
CP02PMCI,0.04,diff_km_D8_to_D6
CP02PMCI,0.9164,diff_km_D8_to_D7
CP02PMCI,0.8849,diff_km_D9_to_D1
CP02PMCI,0.02,diff_km_D9_to_D2
CP02PMCI,0.909,diff_km_D4_to_D1
CP02PMCI,0.9054,diff_km_D9_to_D3
CP02PMCI,0.0306,diff_km_D9_to_D4
CP02PMCI,0.9181,diff_km_D9_to_D5
CP02PMCI,0.9555,diff_km_D9_to_D6
CP02PMCI,0.0189,diff_km_D9_to_D7
CP02PMCI,0.916,diff_km_D9_to_D8
CP02PMCI,0.0286,diff_km_D10_to_D1
CP02PMCI,0.9294,diff_km_D10_to_D2
CP02PMCI,0.0204,diff_km_D10_to_D3
CP02PMCI,0.9339,diff_km_D10_to_D4
CP02PMCI,0.0215,diff_km_D4_to_D2
CP02PMCI,0.0091,diff_km_D10_to_D5
CP02PMCI,0.0625,diff_km_D10_to_D6
CP02PMCI,0.911,diff_km_D10_to_D7
CP02PMCI,0.0481,diff_km_D10_to_D8
CP02PMCI,0.9096,diff_km_D10_to_D9
CP02PMCI,0.9294,diff_km_D4_to_D3
CP02PMCI,0.035,diff_km_D5_to_D1
CP02PMCI,0.9379,diff_km_D5_to_D2
CP02PMCI,0.021,diff_km_D5_to_D3
CP02PMCI,0.9424,diff_km_D5_to_D4
CP02PMCO,0.8897,diff_km_D2_to_D1
CP02PMCO,0.0751,diff_km_D3_to_D1
CP02PMCO,0.0765,diff_km_D7_to_D1
CP02PMCO,0.9255,diff_km_D7_to_D2
CP02PMCO,0.0577,diff_km_D7_to_D3
CP02PMCO,0.0282,diff_km_D7_to_D5
CP02PMCO,0.9285,diff_km_D7_to_D6
CP02PMCO,14.5538,diff_km_D8_to_D1
CP02PMCO,13.9598,diff_km_D8_to_D2
CP02PMCO,14.4853,diff_km_D8_to_D3
CP02PMCO,14.5044,diff_km_D8_to_D5
CP02PMCO,14.0208,diff_km_D8_to_D6
CP02PMCO,0.8682,diff_km_D3_to_D2
CP02PMCO,14.5265,diff_km_D8_to_D7
CP02PMCO,0.0481,diff_km_D9_to_D1
CP02PMCO,0.8585,diff_km_D9_to_D2
CP02PMCO,0.0358,diff_km_D9_to_D3
CP02PMCO,0.0525,diff_km_D9_to_D5
CP02PMCO,0.8593,diff_km_D9_to_D6
CP02PMCO,0.0731,diff_km_D9_to_D7
CP02PMCO,14.5057,diff_km_D9_to_D8
CP02PMCO,0.8449,diff_km_D10_to_D1
CP02PMCO,0.0744,diff_km_D10_to_D2
CP02PMCO,0.0731,diff_km_D5_to_D1
CP02PMCO,0.8286,diff_km_D10_to_D3
CP02PMCO,0.8582,diff_km_D10_to_D5
CP02PMCO,0.0447,diff_km_D10_to_D6
CP02PMCO,0.8853,diff_km_D10_to_D7
CP02PMCO,14.0342,diff_km_D10_to_D8
CP02PMCO,0.8163,diff_km_D10_to_D9
CP02PMCO,0.8979,diff_km_D5_to_D2
CP02PMCO,0.0298,diff_km_D5_to_D3
CP02PMCO,0.8872,diff_km_D6_to_D1
CP02PMCO,0.0755,diff_km_D6_to_D2
CP02PMCO,0.872,diff_km_D6_to_D3
CP02PMCO,0.9016,diff_km_D6_to_D5
CP02PMUI,0.5893,diff_km_D2_to_D1
CP02PMUI,0.4642,diff_km_D3_to_D1
CP02PMUI,0.4684,diff_km_D7_to_D1
CP02PMUI,0.9819,diff_km_D7_to_D2
CP02PMUI,0.0589,diff_km_D7_to_D3
CP02PMUI,0.1939,diff_km_D7_to_D5
CP02PMUI,0.9663,diff_km_D7_to_D6
CP02PMUI,0.5341,diff_km_D8_to_D1
CP02PMUI,0.057,diff_km_D8_to_D2
CP02PMUI,0.9437,diff_km_D8_to_D3
CP02PMUI,1.1192,diff_km_D8_to_D5
CP02PMUI,0.0431,diff_km_D8_to_D6
CP02PMUI,1.0007,diff_km_D3_to_D2
CP02PMUI,0.9252,diff_km_D8_to_D7
CP02PMUI,0.4056,diff_km_D9_to_D1
CP02PMUI,0.9343,diff_km_D9_to_D2
CP02PMUI,0.0667,diff_km_D9_to_D3
CP02PMUI,0.2472,diff_km_D9_to_D5
CP02PMUI,0.9191,diff_km_D9_to_D6
CP02PMUI,0.0668,diff_km_D9_to_D7
CP02PMUI,0.8774,diff_km_D9_to_D8
CP02PMUI,0.544,diff_km_D10_to_D1
CP02PMUI,0.0482,diff_km_D10_to_D2
CP02PMUI,0.6502,diff_km_D5_to_D1
CP02PMUI,0.9526,diff_km_D10_to_D3
CP02PMUI,1.1277,diff_km_D10_to_D5
CP02PMUI,0.0334,diff_km_D10_to_D6
CP02PMUI,0.9338,diff_km_D10_to_D7
CP02PMUI,0.0102,diff_km_D10_to_D8
CP02PMUI,0.8862,diff_km_D10_to_D9
CP02PMUI,0.4053,diff_km_D11_to_D1
CP02PMUI,0.9299,diff_km_D11_to_D2
CP02PMUI,0.0726,diff_km_D11_to_D3
CP02PMUI,0.2496,diff_km_D11_to_D5
CP02PMUI,1.1758,diff_km_D5_to_D2
CP02PMUI,0.9146,diff_km_D11_to_D6
CP02PMUI,0.0642,diff_km_D11_to_D7
CP02PMUI,0.873,diff_km_D11_to_D8
CP02PMUI,0.0099,diff_km_D11_to_D9
CP02PMUI,0.8818,diff_km_D11_to_D10
CP02PMUI,0.186,diff_km_D5_to_D3
CP02PMUI,0.5771,diff_km_D6_to_D1
CP02PMUI,0.0172,diff_km_D6_to_D2
CP02PMUI,0.9855,diff_km_D6_to_D3
CP02PMUI,1.1602,diff_km_D6_to_D5
CP02PMUO,0.9921,diff_km_D2_to_D1
CP02PMUO,0.0965,diff_km_D3_to_D1
CP02PMUO,0.8179,diff_km_D6_to_D1
CP02PMUO,0.6095,diff_km_D6_to_D2
CP02PMUO,0.8354,diff_km_D6_to_D3
CP02PMUO,0.0529,diff_km_D6_to_D4
CP02PMUO,0.9115,diff_km_D6_to_D5
CP02PMUO,0.0666,diff_km_D7_to_D1
CP02PMUO,1.0419,diff_km_D7_to_D2
CP02PMUO,0.0301,diff_km_D7_to_D3
CP02PMUO,0.8613,diff_km_D7_to_D4
CP02PMUO,0.0901,diff_km_D7_to_D5
CP02PMUO,1.0625,diff_km_D3_to_D2
CP02PMUO,0.8313,diff_km_D7_to_D6
CP02PMUO,0.8004,diff_km_D8_to_D1
CP02PMUO,0.2115,diff_km_D8_to_D2
CP02PMUO,0.8647,diff_km_D8_to_D3
CP02PMUO,0.413,diff_km_D8_to_D4
CP02PMUO,0.8952,diff_km_D8_to_D5
CP02PMUO,0.4475,diff_km_D8_to_D6
CP02PMUO,0.8459,diff_km_D8_to_D7
CP02PMUO,0.0696,diff_km_D9_to_D1
CP02PMUO,1.0288,diff_km_D9_to_D2
CP02PMUO,0.8445,diff_km_D4_to_D1
CP02PMUO,0.1327,diff_km_D9_to_D3
CP02PMUO,0.9079,diff_km_D9_to_D4
CP02PMUO,0.0623,diff_km_D9_to_D5
CP02PMUO,0.8828,diff_km_D9_to_D6
CP02PMUO,0.1064,diff_km_D9_to_D7
CP02PMUO,0.8431,diff_km_D9_to_D8
CP02PMUO,0.8863,diff_km_D10_to_D1
CP02PMUO,0.1126,diff_km_D10_to_D2
CP02PMUO,0.9543,diff_km_D10_to_D3
CP02PMUO,0.4834,diff_km_D10_to_D4
CP02PMUO,0.5652,diff_km_D4_to_D2
CP02PMUO,0.9796,diff_km_D10_to_D5
CP02PMUO,0.5232,diff_km_D10_to_D6
CP02PMUO,0.9344,diff_km_D10_to_D7
CP02PMUO,0.0993,diff_km_D10_to_D8
CP02PMUO,0.9255,diff_km_D10_to_D9
CP02PMUO,0.0709,diff_km_D11_to_D1
CP02PMUO,0.953,diff_km_D11_to_D2
CP02PMUO,0.1096,diff_km_D11_to_D3
CP02PMUO,0.7783,diff_km_D11_to_D4
CP02PMUO,0.1611,diff_km_D11_to_D5
CP02PMUO,0.867,diff_km_D4_to_D3
CP02PMUO,0.7504,diff_km_D11_to_D6
CP02PMUO,0.0905,diff_km_D11_to_D7
CP02PMUO,0.7559,diff_km_D11_to_D8
CP02PMUO,0.1403,diff_km_D11_to_D9
CP02PMUO,0.845,diff_km_D11_to_D10
CP02PMUO,0.0976,diff_km_D5_to_D1
CP02PMUO,1.0841,diff_km_D5_to_D2
CP02PMUO,0.1049,diff_km_D5_to_D3
CP02PMUO,0.9394,diff_km_D5_to_D4
CP03ISSM,0.6439,diff_km_D2_to_D1
CP03ISSM,0.8734,diff_km_D3_to_D1
CP03ISSM,0.5953,diff_km_D6_to_D1
CP03ISSM,0.9012,diff_km_D6_to_D2
CP03ISSM,0.63,diff_km_D6_to_D3
CP03ISSM,0.8927,diff_km_D6_to_D4
CP03ISSM,0.6383,diff_km_D6_to_D5
CP03ISSM,0.6837,diff_km_D7_to_D1
CP03ISSM,0.0542,diff_km_D7_to_D2
CP03ISSM,0.6831,diff_km_D7_to_D3
CP03ISSM,0.0663,diff_km_D7_to_D4
CP03ISSM,0.6928,diff_km_D7_to_D5
CP03ISSM,0.6414,diff_km_D3_to_D2
CP03ISSM,0.9553,diff_km_D7_to_D6
CP03ISSM,0.6271,diff_km_D8_to_D1
CP03ISSM,0.8986,diff_km_D8_to_D2
CP03ISSM,0.5947,diff_km_D8_to_D3
CP03ISSM,0.8914,diff_km_D8_to_D4
CP03ISSM,0.6706,diff_km_D8_to_D5
CP03ISSM,0.047,diff_km_D8_to_D6
CP03ISSM,0.9528,diff_km_D8_to_D7
CP03ISSM,0.6217,diff_km_D4_to_D1
CP03ISSM,0.0255,diff_km_D4_to_D2
CP03ISSM,0.6522,diff_km_D4_to_D3
CP03ISSM,0.0446,diff_km_D5_to_D1
CP03ISSM,0.6556,diff_km_D5_to_D2
CP03ISSM,0.9125,diff_km_D5_to_D3
CP03ISSM,0.6325,diff_km_D5_to_D4
CP04OSPM,0.831,diff_km_D2_to_D1
CP04OSPM,0.5852,diff_km_D3_to_D1
CP04OSPM,0.5959,diff_km_D6_to_D1
CP04OSPM,0.5812,diff_km_D6_to_D2
CP04OSPM,0.851,diff_km_D6_to_D3
CP04OSPM,0.0933,diff_km_D6_to_D4
CP04OSPM,0.9331,diff_km_D6_to_D5
CP04OSPM,0.5795,diff_km_D7_to_D1
CP04OSPM,0.7301,diff_km_D7_to_D2
CP04OSPM,0.1155,diff_km_D7_to_D3
CP04OSPM,1.0094,diff_km_D7_to_D4
CP04OSPM,0.0153,diff_km_D7_to_D5
CP04OSPM,0.6164,diff_km_D3_to_D2
CP04OSPM,0.9236,diff_km_D7_to_D6
CP04OSPM,0.6754,diff_km_D8_to_D1
CP04OSPM,0.7746,diff_km_D8_to_D2
CP04OSPM,1.0255,diff_km_D8_to_D3
CP04OSPM,0.1095,diff_km_D8_to_D4
CP04OSPM,1.0988,diff_km_D8_to_D5
CP04OSPM,0.1984,diff_km_D8_to_D6
CP04OSPM,1.0881,diff_km_D8_to_D7
CP04OSPM,0.5683,diff_km_D9_to_D1
CP04OSPM,0.6198,diff_km_D9_to_D2
CP04OSPM,0.6452,diff_km_D4_to_D1
CP04OSPM,0.0173,diff_km_D9_to_D3
CP04OSPM,0.9304,diff_km_D9_to_D4
CP04OSPM,0.1109,diff_km_D9_to_D5
CP04OSPM,0.8418,diff_km_D9_to_D6
CP04OSPM,0.1103,diff_km_D9_to_D7
CP04OSPM,1.0148,diff_km_D9_to_D8
CP04OSPM,0.6651,diff_km_D4_to_D2
CP04OSPM,0.94,diff_km_D4_to_D3
CP04OSPM,0.5945,diff_km_D5_to_D1
CP04OSPM,0.73,diff_km_D5_to_D2
CP04OSPM,0.1138,diff_km_D5_to_D3
CP04OSPM,1.0193,diff_km_D5_to_D4
CP04OSSM,0.5173,diff_km_D2_to_D1
CP04OSSM,0.5563,diff_km_D3_to_D1
CP04OSSM,0.4633,diff_km_D6_to_D1
CP04OSSM,0.204,diff_km_D6_to_D2
CP04OSSM,0.8721,diff_km_D6_to_D3
CP04OSSM,0.0904,diff_km_D6_to_D4
CP04OSSM,0.9045,diff_km_D6_to_D5
CP04OSSM,0.5407,diff_km_D7_to_D1
CP04OSSM,0.7438,diff_km_D7_to_D2
CP04OSSM,0.0486,diff_km_D7_to_D3
CP04OSSM,0.8062,diff_km_D7_to_D4
CP04OSSM,0.0829,diff_km_D7_to_D5
CP04OSSM,0.7864,diff_km_D3_to_D2
CP04OSSM,0.8359,diff_km_D7_to_D6
CP04OSSM,0.464,diff_km_D8_to_D1
CP04OSSM,0.2484,diff_km_D8_to_D2
CP04OSSM,0.8968,diff_km_D8_to_D3
CP04OSSM,0.134,diff_km_D8_to_D4
CP04OSSM,0.9286,diff_km_D8_to_D5
CP04OSSM,0.0444,diff_km_D8_to_D6
CP04OSSM,0.862,diff_km_D8_to_D7
CP04OSSM,0.4938,diff_km_D4_to_D1
CP04OSSM,0.1166,diff_km_D4_to_D2
CP04OSSM,0.8455,diff_km_D4_to_D3
CP04OSSM,0.5788,diff_km_D5_to_D1
CP04OSSM,0.8211,diff_km_D5_to_D2
CP04OSSM,0.0352,diff_km_D5_to_D3
CP04OSSM,0.8791,diff_km_D5_to_D4
CP05MOAS-A6263,0.0,diff_km_D3_to_D2
CP05MOAS-A6263,4.4162,diff_km_D4_to_D2
CP05MOAS-A6263,4.4162,diff_km_D4_to_D3
CP05MOAS-A6263,36.2885,diff_km_D6_to_D2
CP05MOAS-A6263,36.2885,diff_km_D6_to_D3
CP05MOAS-A6263,31.9505,diff_km_D6_to_D4
CP05MOAS-A6264,0.0,diff_km_D3_to_D2
CP05MOAS-A6264,46.6829,diff_km_D4_to_D2
CP05MOAS-A6264,46.6829,diff_km_D4_to_D3
CP05MOAS-A6264,47.0977,diff_km_D6_to_D2
CP05MOAS-A6264,47.0977,diff_km_D6_to_D3
CP05MOAS-A6264,0.5704,diff_km_D6_to_D4
CP05MOAS-GL335,0.0,diff_km_D2_to_D1
CP05MOAS-GL335,21.0514,diff_km_D3_to_D1
CP05MOAS-GL335,21.0514,diff_km_D3_to_D2
CP05MOAS-GL335,0.0,diff_km_D4_to_D1
CP05MOAS-GL335,0.0,diff_km_D4_to_D2
CP05MOAS-GL335,21.0514,diff_km_D4_to_D3
CP05MOAS-GL335,27.944,diff_km_D5_to_D1
CP05MOAS-GL335,27.944,diff_km_D5_to_D2
CP05MOAS-GL335,12.6238,diff_km_D5_to_D3
CP05MOAS-GL335,27.944,diff_km_D5_to_D4
CP05MOAS-GL336,31.2471,diff_km_D2_to_D1
CP05MOAS-GL336,39.7609,diff_km_D3_to_D1
CP05MOAS-GL336,28.0652,diff_km_D6_to_D1
CP05MOAS-GL336,3.7474,diff_km_D6_to_D2
CP05MOAS-GL336,25.0787,diff_km_D6_to_D3
CP05MOAS-GL336,6.6701,diff_km_D6_to_D4
CP05MOAS-GL336,42.0532,diff_km_D6_to_D5
CP05MOAS-GL336,13.1784,diff_km_D7_to_D1
CP05MOAS-GL336,30.487,diff_km_D7_to_D2
CP05MOAS-GL336,29.4003,diff_km_D7_to_D3
CP05MOAS-GL336,23.6106,diff_km_D7_to_D4
CP05MOAS-GL336,16.9465,diff_km_D7_to_D5
CP05MOAS-GL336,26.9954,diff_km_D3_to_D2
CP05MOAS-GL336,26.7587,diff_km_D7_to_D6
CP05MOAS-GL336,28.0469,diff_km_D4_to_D1
CP05MOAS-GL336,9.551,diff_km_D4_to_D2
CP05MOAS-GL336,18.6649,diff_km_D4_to_D3
CP05MOAS-GL336,16.6792,diff_km_D5_to_D1
CP05MOAS-GL336,45.6194,diff_km_D5_to_D2
CP05MOAS-GL336,45.6719,diff_km_D5_to_D3
CP05MOAS-GL336,40.0148,diff_km_D5_to_D4
CP05MOAS-GL339,17.6058,diff_km_D2_to_D1
CP05MOAS-GL339,16.4054,diff_km_D3_to_D1
CP05MOAS-GL339,21.3364,diff_km_D6_to_D1
CP05MOAS-GL339,10.4058,diff_km_D6_to_D2
CP05MOAS-GL339,8.5643,diff_km_D6_to_D3
CP05MOAS-GL339,22.9052,diff_km_D6_to_D4
CP05MOAS-GL339,31.7006,diff_km_D6_to_D5
CP05MOAS-GL339,2.5147,diff_km_D3_to_D2
CP05MOAS-GL339,38.6677,diff_km_D4_to_D1
CP05MOAS-GL339,21.0689,diff_km_D4_to_D2
CP05MOAS-GL339,22.5841,diff_km_D4_to_D3
CP05MOAS-GL339,46.9316,diff_km_D5_to_D1
CP05MOAS-GL339,29.4484,diff_km_D5_to_D2
CP05MOAS-GL339,31.1473,diff_km_D5_to_D3
CP05MOAS-GL339,8.8225,diff_km_D5_to_D4
CP05MOAS-GL340,0.0,diff_km_D2_to_D1
CP05MOAS-GL340,110.4581,diff_km_D3_to_D1
CP05MOAS-GL340,28.9248,diff_km_D6_to_D1
CP05MOAS-GL340,28.9248,diff_km_D6_to_D2
CP05MOAS-GL340,81.9663,diff_km_D6_to_D3
CP05MOAS-GL340,11.1547,diff_km_D6_to_D4
CP05MOAS-GL340,11.2588,diff_km_D6_to_D5
CP05MOAS-GL340,22.6931,diff_km_D7_to_D1
CP05MOAS-GL340,22.6931,diff_km_D7_to_D2
CP05MOAS-GL340,102.7884,diff_km_D7_to_D3
CP05MOAS-GL340,41.9142,diff_km_D7_to_D4
CP05MOAS-GL340,41.1208,diff_km_D7_to_D5
CP05MOAS-GL340,110.4581,diff_km_D3_to_D2
CP05MOAS-GL340,31.1573,diff_km_D7_to_D6
CP05MOAS-GL340,39.2356,diff_km_D4_to_D1
CP05MOAS-GL340,39.2356,diff_km_D4_to_D2
CP05MOAS-GL340,73.4802,diff_km_D4_to_D3
CP05MOAS-GL340,40.0078,diff_km_D5_to_D1
CP05MOAS-GL340,40.0078,diff_km_D5_to_D2
CP05MOAS-GL340,71.7804,diff_km_D5_to_D3
CP05MOAS-GL340,2.808,diff_km_D5_to_D4
CP05MOAS-GL374,0.0,diff_km_D2_to_D1
CP05MOAS-GL374,40.2838,diff_km_D3_to_D1
CP05MOAS-GL374,40.2838,diff_km_D3_to_D2
CP05MOAS-GL374,39.8831,diff_km_D4_to_D1
CP05MOAS-GL374,39.8831,diff_km_D4_to_D2
CP05MOAS-GL374,1.0763,diff_km_D4_to_D3
CP05MOAS-GL376,33.6016,diff_km_D2_to_D1
CP05MOAS-GL376,17.7426,diff_km_D3_to_D1
CP05MOAS-GL376,110.5802,diff_km_D7_to_D1
CP05MOAS-GL376,141.8223,diff_km_D7_to_D2
CP05MOAS-GL376,117.3352,diff_km_D7_to_D3
CP05MOAS-GL376,129.1587,diff_km_D7_to_D4
CP05MOAS-GL376,110.4272,diff_km_D7_to_D5
CP05MOAS-GL376,23.2652,diff_km_D8_to_D1
CP05MOAS-GL376,21.5653,diff_km_D8_to_D2
CP05MOAS-GL376,20.1154,diff_km_D8_to_D3
CP05MOAS-GL376,8.2544,diff_km_D8_to_D4
CP05MOAS-GL376,24.2431,diff_km_D8_to_D5
CP05MOAS-GL376,39.7132,diff_km_D3_to_D2
CP05MOAS-GL376,133.1922,diff_km_D8_to_D7
CP05MOAS-GL376,10.4875,diff_km_D9_to_D1
CP05MOAS-GL376,30.2911,diff_km_D9_to_D2
CP05MOAS-GL376,10.708,diff_km_D9_to_D3
CP05MOAS-GL376,11.6214,diff_km_D9_to_D4
CP05MOAS-GL376,10.9319,diff_km_D9_to_D5
CP05MOAS-GL376,118.993,diff_km_D9_to_D7
CP05MOAS-GL376,14.2493,diff_km_D9_to_D8
CP05MOAS-GL376,22.0895,diff_km_D4_to_D1
CP05MOAS-GL376,29.7015,diff_km_D4_to_D2
CP05MOAS-GL376,13.0117,diff_km_D4_to_D3
CP05MOAS-GL376,12.5761,diff_km_D5_to_D1
CP05MOAS-GL376,41.1255,diff_km_D5_to_D2
CP05MOAS-GL376,7.7209,diff_km_D5_to_D3
CP05MOAS-GL376,18.8042,diff_km_D5_to_D4
CP05MOAS-GL379,0.0,diff_km_D2_to_D1
CP05MOAS-GL379,18.4131,diff_km_D3_to_D1
CP05MOAS-GL379,18.4131,diff_km_D3_to_D2
CP05MOAS-GL379,27.944,diff_km_D4_to_D1
CP05MOAS-GL379,27.944,diff_km_D4_to_D2
CP05MOAS-GL379,27.7161,diff_km_D4_to_D3
CP05MOAS-GL380,32.7648,diff_km_D2_to_D1
CP05MOAS-GL380,13.1965,diff_km_D3_to_D1
CP05MOAS-GL380,15.9022,diff_km_D6_to_D1
CP05MOAS-GL380,37.3281,diff_km_D6_to_D2
CP05MOAS-GL380,28.6621,diff_km_D6_to_D3
CP05MOAS-GL380,28.758,diff_km_D6_to_D4
CP05MOAS-GL380,28.1905,diff_km_D6_to_D5
CP05MOAS-GL380,30.0135,diff_km_D3_to_D2
CP05MOAS-GL380,13.3599,diff_km_D4_to_D1
CP05MOAS-GL380,29.6831,diff_km_D4_to_D2
CP05MOAS-GL380,0.3675,diff_km_D4_to_D3
CP05MOAS-GL380,13.0804,diff_km_D5_to_D1
CP05MOAS-GL380,28.415,diff_km_D5_to_D2
CP05MOAS-GL380,1.6132,diff_km_D5_to_D3
CP05MOAS-GL380,1.3216,diff_km_D5_to_D4
CP05MOAS-GL387,43.6527,diff_km_D2_to_D1
CP05MOAS-GL387,43.5767,diff_km_D3_to_D1
CP05MOAS-GL387,25.5869,diff_km_D6_to_D1
CP05MOAS-GL387,19.0967,diff_km_D6_to_D2
CP05MOAS-GL387,18.0148,diff_km_D6_to_D3
CP05MOAS-GL387,9.8778,diff_km_D6_to_D4
CP05MOAS-GL387,30.5754,diff_km_D6_to_D5
CP05MOAS-GL387,6.8412,diff_km_D3_to_D2
CP05MOAS-GL387,31.117,diff_km_D4_to_D1
CP05MOAS-GL387,13.1256,diff_km_D4_to_D2
CP05MOAS-GL387,15.7554,diff_km_D4_to_D3
CP05MOAS-GL387,42.5294,diff_km_D5_to_D1
CP05MOAS-GL387,25.7638,diff_km_D5_to_D2
CP05MOAS-GL387,32.0987,diff_km_D5_to_D3
CP05MOAS-GL387,21.3435,diff_km_D5_to_D4
CP05MOAS-GL388,32.2899,diff_km_D2_to_D1
CP05MOAS-GL388,21.9898,diff_km_D3_to_D1
CP05MOAS-GL388,12.2827,diff_km_D6_to_D1
CP05MOAS-GL388,28.3509,diff_km_D6_to_D2
CP05MOAS-GL388,9.8777,diff_km_D6_to_D3
CP05MOAS-GL388,32.7889,diff_km_D6_to_D4
CP05MOAS-GL388,28.9813,diff_km_D6_to_D5
CP05MOAS-GL388,26.3706,diff_km_D3_to_D2
CP05MOAS-GL388,20.7749,diff_km_D4_to_D1
CP05MOAS-GL388,42.4918,diff_km_D4_to_D2
CP05MOAS-GL388,42.0143,diff_km_D4_to_D3
CP05MOAS-GL388,18.7388,diff_km_D5_to_D1
CP05MOAS-GL388,33.384,diff_km_D5_to_D2
CP05MOAS-GL388,37.0643,diff_km_D5_to_D3
CP05MOAS-GL388,9.6439,diff_km_D5_to_D4
CP05MOAS-GL389,0.0,diff_km_D2_to_D1
CP05MOAS-GL389,1.6733,diff_km_D3_to_D1
CP05MOAS-GL389,1.6733,diff_km_D3_to_D2
CP05MOAS-GL389,21.6124,diff_km_D4_to_D1
CP05MOAS-GL389,21.6124,diff_km_D4_to_D2
CP05MOAS-GL389,23.2796,diff_km_D4_to_D3
CP05MOAS-GL389,7.68,diff_km_D5_to_D1
CP05MOAS-GL389,7.68,diff_km_D5_to_D2
CP05MOAS-GL389,8.7076,diff_km_D5_to_D3
CP05MOAS-GL389,19.2407,diff_km_D5_to_D4
GA01SUMO,10.6846,diff_km_D2_to_D1
GA01SUMO,1.246,diff_km_D3_to_D1
GA01SUMO,11.9085,diff_km_D3_to_D2
GA02HYPM,3.5428,diff_km_D2_to_D1
GA02HYPM,0.4641,diff_km_D3_to_D1
GA02HYPM,3.7856,diff_km_D3_to_D2
GA03FLMA,4.151,diff_km_D2_to_D1
GA03FLMA,0.7889,diff_km_D3_to_D1
GA03FLMA,3.3754,diff_km_D3_to_D2
GA03FLMB,3.3569,diff_km_D2_to_D1
GA03FLMB,0.2862,diff_km_D3_to_D1
GA03FLMB,3.0799,diff_km_D3_to_D2
GI01SUMO,5.6944,diff_km_D2_to_D1
GI01SUMO,0.365,diff_km_D3_to_D1
GI01SUMO,6.0422,diff_km_D3_to_D2
GI01SUMO,1.3926,diff_km_D4_to_D1
GI01SUMO,5.598,diff_km_D4_to_D2
GI01SUMO,1.3947,diff_km_D4_to_D3
GI01SUMO,0.471,diff_km_D5_to_D1
GI01SUMO,6.1653,diff_km_D5_to_D2
GI01SUMO,0.1633,diff_km_D5_to_D3
GI01SUMO,1.5459,diff_km_D5_to_D4
GI02HYPM,2.3436,diff_km_D2_to_D1
GI02HYPM,0.7516,diff_km_D3_to_D1
GI02HYPM,1.9814,diff_km_D3_to_D2
GI02HYPM,2.7845,diff_km_D4_to_D1
GI02HYPM,0.441,diff_km_D4_to_D2
GI02HYPM,2.4037,diff_km_D4_to_D3
GI02HYPM,0.7737,diff_km_D5_to_D1
GI02HYPM,1.8969,diff_km_D5_to_D2
GI02HYPM,0.0853,diff_km_D5_to_D3
GI02HYPM,2.32,diff_km_D5_to_D4
GI03FLMA,2.1556,diff_km_D2_to_D1
GI03FLMA,5.6689,diff_km_D3_to_D1
GI03FLMA,5.6769,diff_km_D3_to_D2
GI03FLMA,2.4681,diff_km_D4_to_D1
GI03FLMA,0.3424,diff_km_D4_to_D2
GI03FLMA,5.8898,diff_km_D4_to_D3
GI03FLMA,0.1359,diff_km_D5_to_D1
GI03FLMA,2.1316,diff_km_D5_to_D2
GI03FLMA,5.533,diff_km_D5_to_D3
GI03FLMA,2.4518,diff_km_D5_to_D4
GI03FLMB,6.9751,diff_km_D2_to_D1
GI03FLMB,4.7727,diff_km_D3_to_D1
GI03FLMB,2.2067,diff_km_D3_to_D2
GI03FLMB,6.8762,diff_km_D4_to_D1
GI03FLMB,0.2007,diff_km_D4_to_D2
GI03FLMB,2.1035,diff_km_D4_to_D3
GI03FLMB,4.6815,diff_km_D5_to_D1
GI03FLMB,2.3121,diff_km_D5_to_D2
GI03FLMB,0.1581,diff_km_D5_to_D3
GI03FLMB,2.1995,diff_km_D5_to_D4
GI05MOAS-GL484,0.0971,diff_km_D3_to_D2
GP02HYPM,1.0006,diff_km_D2_to_D1
GP02HYPM,1.0799,diff_km_D3_to_D1
GP02HYPM,0.2354,diff_km_D6_to_D1
GP02HYPM,1.1988,diff_km_D6_to_D2
GP02HYPM,1.2987,diff_km_D6_to_D3
GP02HYPM,1.3391,diff_km_D6_to_D4
GP02HYPM,10.0153,diff_km_D6_to_D5
GP02HYPM,0.2359,diff_km_D3_to_D2
GP02HYPM,1.1367,diff_km_D4_to_D1
GP02HYPM,0.144,diff_km_D4_to_D2
GP02HYPM,0.1964,diff_km_D4_to_D3
GP02HYPM,9.9106,diff_km_D5_to_D1
GP02HYPM,9.0397,diff_km_D5_to_D2
GP02HYPM,9.114,diff_km_D5_to_D3
GP02HYPM,8.9507,diff_km_D5_to_D4
GP03FLMA,0.6376,diff_km_D2_to_D1
GP03FLMA,0.6438,diff_km_D3_to_D1
GP03FLMA,0.6645,diff_km_D6_to_D1
GP03FLMA,0.1581,diff_km_D6_to_D2
GP03FLMA,0.0596,diff_km_D6_to_D3
GP03FLMA,0.5152,diff_km_D6_to_D4
GP03FLMA,9.7418,diff_km_D6_to_D5
GP03FLMA,0.099,diff_km_D3_to_D2
GP03FLMA,1.1741,diff_km_D4_to_D1
GP03FLMA,0.5529,diff_km_D4_to_D2
GP03FLMA,0.5303,diff_km_D4_to_D3
GP03FLMA,9.0777,diff_km_D5_to_D1
GP03FLMA,9.7028,diff_km_D5_to_D2
GP03FLMA,9.7208,diff_km_D5_to_D3
GP03FLMA,10.2505,diff_km_D5_to_D4
GP03FLMB,0.2401,diff_km_D2_to_D1
GP03FLMB,0.2322,diff_km_D3_to_D1
GP03FLMB,0.3146,diff_km_D6_to_D1
GP03FLMB,0.2018,diff_km_D6_to_D2
GP03FLMB,0.0927,diff_km_D6_to_D3
GP03FLMB,0.0323,diff_km_D6_to_D4
GP03FLMB,9.8965,diff_km_D6_to_D5
GP03FLMB,0.126,diff_km_D3_to_D2
GP03FLMB,0.3363,diff_km_D4_to_D1
GP03FLMB,0.2341,diff_km_D4_to_D2
GP03FLMB,0.1224,diff_km_D4_to_D3
GP03FLMB,9.5947,diff_km_D5_to_D1
GP03FLMB,9.8158,diff_km_D5_to_D2
GP03FLMB,9.8248,diff_km_D5_to_D3
GP03FLMB,9.9095,diff_km_D5_to_D4
GP05MOAS-GL276,19.8353,diff_km_D2_to_D1
GP05MOAS-GL363,23.7602,diff_km_D2_to_D1
GP05MOAS-GL365,23.7349,diff_km_D2_to_D1
GS01SUMO,9.7901,diff_km_D2_to_D1
GS01SUMO,0.0953,diff_km_D3_to_D1
GS01SUMO,9.7369,diff_km_D3_to_D2
GS02HYPM,8.3292,diff_km_D2_to_D1
GS02HYPM,3.2007,diff_km_D3_to_D1
GS02HYPM,5.1288,diff_km_D3_to_D2
GS03FLMA,6.9666,diff_km_D2_to_D1
GS03FLMA,0.1137,diff_km_D3_to_D1
GS03FLMA,7.0393,diff_km_D3_to_D2
GS03FLMB,4.9501,diff_km_D2_to_D1
GS03FLMB,0.1851,diff_km_D3_to_D1
GS03FLMB,4.7652,diff_km_D3_to_D2
